english,translation,frequency_rank,pos,example,is_phrasal
Miller time,время отдохнуть; пора выпить пива (разг.),30001,idiom,,false
riffraff,сброд; шваль (пренебр.),30002,noun,,false
roll down the window,опустить стекло (в машине),30003,phrase,,false
mailing it in,халтурить; работать спустя рукава,30004,idiom,,false
had it coming to him,сам напросился; так ему и надо,30005,idiom,,false
cut the cheese,пукнуть (груб.),30006,idiom,,false
cheesy,"дешёвый, безвкусный; банальный, приторный (разг.)",30007,adj,,false
a ways to go,ещё далеко; путь неблизкий,30008,idiom,,false
to pull up (a car),подъехать и остановиться (о машине),30009,phrasal,,true
to pull up,подтянуться (на турнике); подъехать,30010,phrasal,,true
the more the merrier,"чем больше, тем веселее",30011,idiom,,false
to let someone dangle,держать в подвешенном состоянии; томить ожиданием,30012,idiom,,false
rusty,подзабытый; растерявший навык; заржавевший,30013,adj,,false
sick as a dog,совсем больной; еле живой,30014,idiom,,false
I'll take,"я возьму…; мне, пожалуйста…",30015,phrase,,false
sound too hot,звучит не очень; так себе,30016,idiom,,false
Vacay,отпуск; каникулы (разг.),30017,noun,,false
A/C,кондиционер,30018,noun,,false
Caught Me Off Guard,застало меня врасплох,30019,idiom,,false
ish,примерно; около того; вроде (разг.),30020,adv,,false
It's not over 'til the fat lady sings,ещё ничего не решено; рано делать выводы,30021,idiom,,false
jot down,записать; черкнуть,30022,phrasal,,true
shoes to fill,высокая планка предшественника; трудно соответствовать,30023,idiom,,false
bum (four meanings!),бродяга; зад; лентяй; никудышный (разг.),30024,noun,,false
look the part,выглядеть подобающе; соответствовать роли,30025,idiom,,false
lickety-split,мигом; в два счёта (разг.),30026,adv,,false
to chicken out,струсить; пойти на попятную,30027,phrasal,,true
out of the blue,как гром среди ясного неба; внезапно,30028,idiom,,false
a pipe dream,несбыточная мечта; пустые мечты,30029,idiom,,false
y'all,вы все (южн. разг.),30030,phrase,,false
20/20,стопроцентное зрение; идеальное,30031,idiom,,false
too good for your own good,себе во вред (от излишнего совершенства),30032,idiom,,false
read between the lines,читать между строк,30033,idiom,,false
in no time,мигом; в мгновение ока,30034,idiom,,false
in a roundabout way,окольным путём; обиняками,30035,idiom,,false
in tip-top shape,в отличной форме,30036,idiom,,false
my HEART ain't in it,душа не лежит к этому,30037,idiom,,false
Here/there we go/ Here/there you are,ну вот; держите; пожалуйста,30038,interjection,,false
going places (very specific!),далеко пойти; добиться успеха,30039,idiom,,false
in the BOONDOCKS,в глуши; у чёрта на куличках,30040,idiom,,false
Ear de Geaux (what?),произношение на луизианский манер (шутл.),30041,phrase,,false
That should be a crime,это просто преступление; за это судить надо,30042,idiom,,false
For my own good,для моего же блага,30043,idiom,,false
What good is… (what about What bad is...?),какой прок от…; что толку в…,30044,phrase,,false
A goodie-goodie / a goody two-shoes,паинька; примерный до приторности,30045,idiom,,false
to loom large,нависать; маячить угрожающе,30046,idiom,,false
no good,никудышный; никчёмный,30047,adj,,false
highly overrated,сильно переоценённый,30048,adj,,false
STEM degrees,дипломы по точным наукам (STEM),30049,noun,,false
Doesn't hold a candle to,в подмётки не годится,30050,idiom,,false
first base,первая база; первый шаг в отношениях,30051,noun,,false
messed/screwed up PLUS one more!,напортачить; облажаться; запороть,30052,idiom,,false
slow as molasses,медлительный как черепаха,30053,idiom,,false
"You scratch my back, I'll scratch yours","ты мне, я тебе; рука руку моет",30054,idiom,,false
I rest my case,мне больше нечего добавить; вопрос исчерпан,30055,idiom,,false
"t-shirt, dress shirt, sweatshirt, undershirt","футболка, рубашка, толстовка, майка",30056,noun,,false
it is what it is,так уж вышло; ничего не поделаешь,30057,idiom,,false
consensus,единое мнение; консенсус,30058,noun,,false
a XXX state of mind,особое расположение духа; настрой,30059,idiom,,false
stomping grounds,родные места; излюбленное место,30060,idiom,,false
my way or the highway,делай по-моему или убирайся,30061,idiom,,false
drama queen,истеричка; любитель(ница) драмы,30062,noun,,false
pet name,ласковое прозвище,30063,noun,,false
pet peeve,"то, что бесит; больная мозоль",30064,idiom,,false
at the drop of a hat,не раздумывая; сразу же,30065,idiom,,false
big time,по-крупному; круто; ещё как (разг.),30066,idiom,,false
going rogue,выйти из подчинения; действовать самовольно,30067,idiom,,false
'til the cows come home,до бесконечности; хоть до второго пришествия,30068,idiom,,false
dip your toes in the water,попробовать осторожно; прощупать почву,30069,idiom,,false
SLIM vs SKINNY,стройный против тощего,30070,phrase,,false
can't bear the thought,не выносить даже мысли,30071,idiom,,false
make it through,справиться; выдержать; пережить,30072,phrasal,,true
clammy,"липкий, холодный и влажный (о коже)",30073,adj,,false
soggy vs squishy vs slimy,мокрый против мягкого против склизкого,30074,phrase,,false
to PULL THROUGH,выкарабкаться; поправиться,30075,phrasal,,true
Throw the baby out with the bathwater,выплеснуть с водой и ребёнка,30076,idiom,,false
There's nothing to it,тут нет ничего сложного; проще простого,30077,idiom,,false
a sour mood,дурное настроение; кислое расположение духа,30078,idiom,,false
it's crunch time,горячая пора; решающий момент,30079,idiom,,false
off the bat,сразу; с ходу,30080,idiom,,false
a blood blister,кровяной волдырь,30081,noun,,false
Who knows,кто знает; кто его знает,30082,phrase,,false
He won't want one,он не захочет (брать),30083,phrase,,false
worth a shot,стоит попробовать,30084,idiom,,false
Take a chill pill,расслабься; остынь (разг.),30085,idiom,,false
Let's light this candle!,поехали; за дело! (разг.),30086,idiom,,false
Bear in mind,имей в виду; учти,30087,idiom,,false
a healthy dose of XXX,изрядная доля чего-то,30088,idiom,,false
"Crush, smash, squash","раздавить, размазать, расплющить",30089,verb,,false
a clean sheet,чистый лист; ворота на замке (без пропущенных голов),30090,idiom,,false
to DRIFT AWAY/OFF,задремать; погрузиться в сон; уплывать мыслями,30091,phrasal,,true
That's a stretch,это притянуто за уши; преувеличение,30092,idiom,,false
Fall on deaf ears,остаться без внимания; быть неуслышанным,30093,idiom,,false
get by,перебиваться; сводить концы с концами,30094,phrasal,,true
hog heaven,райское наслаждение; на седьмом небе,30095,idiom,,false
to turn a blind eye to SMT/SMO,закрывать глаза на что-то/кого-то,30096,idiom,,false
clean-cut,опрятный; аккуратный (о внешности),30097,adj,,false
Make a few extra BUCKS,подзаработать деньжат,30098,idiom,,false
tangy,терпкий; с кислинкой,30099,adj,,false
fizzled,сошёл на нет; выдохся; провалился,30100,verb,,false
Take it easy!,не напрягайся; полегче! (разг.),30101,interjection,,false
is all talk,одни разговоры; только болтает,30102,idiom,,false
You don't say,да ну; неужели; вот это да,30103,interjection,,false
Me three!,и я туда же; я тоже (шутл.),30104,interjection,,false
the usage of DUDE,употребление слова «чувак»,30105,phrase,,false
Let's blow this Popsicle stand!,валим отсюда; сматываемся (разг.),30106,idiom,,false
social currency,социальный капитал; вес в обществе,30107,noun,,false
to PUT the SQUEEZE ON someone,надавить на кого-то; прижать,30108,idiom,,false
in and of itself/themselves,сам(и) по себе; как таковой,30109,idiom,,false
from Timbuktu to Kalamazoo,отовсюду; со всех концов света,30110,idiom,,false
"potayto, potahto","одно и то же; что в лоб, что по лбу",30111,idiom,,false
my guilty pleasure,тайная слабость; постыдное удовольствие,30112,idiom,,false
noobs,новички; чайники (сленг),30113,noun,,false
She'll come around,она ещё передумает; одумается,30114,idiom,,false
not a spring chicken,уже не молод; не первой свежести,30115,idiom,,false
Not up to scratch,не на высоте; не дотягивает,30116,idiom,,false
to BE GONE,исчезнуть; пропасть; убираться,30117,idiom,,false
Talked my ear off,заговорил меня до полусмерти,30118,idiom,,false
Guns are Gone,оружия больше нет,30119,phrase,,false
my bad,моя вина; виноват (разг.),30120,idiom,,false
going full Monty,раздеться догола; пойти ва-банк,30121,idiom,,false
to Take In,вникать; осматривать; приютить; ушить (одежду),30122,phrasal,,true
to BITE the BULLET,стиснуть зубы; собраться с духом,30123,idiom,,false
on top of that,вдобавок; к тому же,30124,idiom,,false
going commando,без нижнего белья,30125,idiom,,false
Nothing to sneeze at,не пустяк; не стоит пренебрегать,30126,idiom,,false
catch my drift,"уловить мою мысль; понять, к чему я клоню",30127,idiom,,false
Way to go!,молодец; так держать!,30128,interjection,,false
by the book,по правилам; строго по инструкции,30129,idiom,,false
ivory tower,башня из слоновой кости; оторванность от жизни,30130,idiom,,false
bootstrapper,"тот, кто всего добился сам",30131,noun,,false
doohickey,штуковина; хреновина (разг.),30132,noun,,false
out in the bush,в глуши; в захолустье,30133,idiom,,false
"""A"" is a household name",имя «А» у всех на слуху,30134,idiom,,false
Americana,американа; типично американское,30135,noun,,false
stamp/stomp on VS step on,топтать против наступить,30136,phrase,,false
to be bush league,дилетантский; любительский (пренебр.),30137,idiom,,false
brownie points,очки за старание; зарабатывать одобрение,30138,idiom,,false
nasty,мерзкий; противный; гадкий,30139,adj,,false
all your ducks in a row,всё разложено по полочкам; всё в порядке,30140,idiom,,false
hindsight is 20/20,задним умом все крепки,30141,idiom,,false
to stomp on/to stamp on,топтать; затаптывать,30142,phrasal,,true
up to speed,в курсе дела; на одной волне,30143,idiom,,false
a cakewalk,пара пустяков; раз плюнуть,30144,idiom,,false
That ship has sailed,этот поезд ушёл; момент упущен,30145,idiom,,false
to BE in LEFT FIELD and OUT in LEFT FIELD,быть не в теме; нести околесицу,30146,idiom,,false
to throw a softball question,задать лёгкий вопрос; подыграть,30147,idiom,,false
shook me to my core,потрясло до глубины души,30148,idiom,,false
apathy,апатия; безразличие,30149,noun,,false
kicked my behind,надрал мне зад; задал жару (разг.),30150,idiom,,false
to be over SMO/SMT,разлюбить; забыть кого-то/что-то; пережить,30151,idiom,,false
I second that,поддерживаю; присоединяюсь,30152,idiom,,false
gave up the ghost,испустил дух; приказал долго жить,30153,idiom,,false
the nuance,нюанс; тонкость,30154,noun,,false
to put something into perspective,взглянуть на что-то трезво; расставить по местам,30155,idiom,,false
Do not pass GO. Do not collect $200.,без поблажек; никаких уступок,30156,idiom,,false
There needs to be,"должно быть; необходимо, чтобы",30157,phrase,,false
mind you,заметь; учти; имей в виду,30158,idiom,,false
to pay top dollar,платить втридорога; выкладывать кругленькую сумму,30159,idiom,,false
Thanks for the heads up,"спасибо, что предупредил",30160,idiom,,false
to trudge through,брести с трудом; продираться,30161,phrasal,,true
a sad state of affairs,печальное положение дел,30162,idiom,,false
to cozy up to SMO,подлизываться к кому-то; втираться в доверие,30163,phrasal,,true
to riff,"импровизировать (муз., разг.)",30164,verb,,false
a modicum of decorum,капля приличия; толика приличий,30165,idiom,,false
to get caught up,нагнать; наверстать; подтянуть,30166,phrasal,,true
to be behind,отставать; не успевать,30167,idiom,,false
shrouded in mystery,окутанный тайной,30168,idiom,,false
That's the breaks…That's the way the cookie crumbles,такая уж судьба; так уж сложилось,30169,idiom,,false
"to dote on ~ (dote, daughter, Dawn, Don, Donna)",души не чаять; обожать,30170,phrasal,,true
get rid of it,избавиться от этого; выбросить,30171,idiom,,false
you bet (TWO usages!),конечно; ещё бы; не за что (разг.),30172,idiom,,false
take a long walk off a short pier,иди куда подальше; катись (груб.),30173,idiom,,false
a guy thing,мужское дело; чисто мужское,30174,idiom,,false
to level up,выйти на новый уровень; прокачаться,30175,phrasal,,true
a 2fer,два по цене одного; два в одном (разг.),30176,noun,,false
undies in a bundle/bunch,нервничать по пустякам; кипятиться,30177,idiom,,false
my claim to fame,мой звёздный час; чем я знаменит,30178,idiom,,false
lo and behold,"и вот, представьте себе; глядь",30179,idiom,,false
"odd, odd number, oddball",странный; нечётный; чудак,30180,adj,,false
my brain's fried!,мозг кипит; голова не варит (разг.),30181,idiom,,false
live it up,оторваться по полной; гулять так гулять,30182,phrasal,,true
I suppose…,пожалуй; полагаю; наверное,30183,phrase,,false
put some hair on your chest,для храбрости; чтоб мужиком стал (шутл.),30184,idiom,,false
The early bird~ and The second mouse,кто рано встаёт; а второй мыши достаётся сыр,30185,idiom,,false
to DO someone,обмануть; кинуть; обслужить (разг.),30186,verb,,false
You can lead a horse to water…,"можно привести коня к воде, но не заставить пить",30187,idiom,,false
bassackwards,задом наперёд; шиворот-навыворот (разг.),30188,adv,,false
"could have, should have, would have","мог бы, должен был, сделал бы (сожаления)",30189,phrase,,false
clean as a whistle,без сучка без задоринки; кристально чистый,30190,idiom,,false
She is high maintenance,"с ней много хлопот; капризная, требовательная",30191,idiom,,false
a charley horse,судорога в мышце; сведённая мышца,30192,noun,,false
sleep on it,обдумать на свежую голову; отложить решение,30193,idiom,,false
"primal, primed, prime, primary","первобытный, готовый, главный, основной",30194,adj,,false
film making VS making film,кинопроизводство против съёмки фильма,30195,phrase,,false
to come clean,признаться; выложить всю правду,30196,idiom,,false
to hang it up,завязать; уйти на покой; бросить (дело),30197,idiom,,false
nailed it/killed it,справился блестяще; сделал на отлично,30198,idiom,,false
an ax to grind,затаённая обида; личные счёты,30199,idiom,,false
dip your toe in the water,попробовать осторожно; прощупать почву,30200,idiom,,false
"drivel, hogwash, BS, empty words",чушь; вздор; пустая болтовня,30201,noun,,false
It ain't over 'til it's over!,ещё не вечер!; рано хоронить!,30202,idiom,,false
fat chance…slim chance,как же; держи карман шире; ничтожный шанс,30203,idiom,,false
wasting away (to nothing),чахнуть; таять на глазах,30204,idiom,,false
FOMO,страх упустить интересное (ФОМО),30205,noun,,false
a tab,счёт (в баре),30206,noun,,false
a bad feeling,дурное предчувствие,30207,noun,,false
diddly-squat,ни шиша; ничегошеньки (разг.),30208,noun,,false
meant to be,так суждено; на роду написано,30209,idiom,,false
esque,-образный; в стиле (суффикс),30210,adj,,false
talk trash/smack,поносить; обливать грязью; задирать,30211,idiom,,false
wear out - 2 usages!,изнашивать(ся); изматывать,30212,phrasal,,true
head in the sand,прятать голову в песок,30213,idiom,,false
never felt,никогда такого не чувствовал,30214,phrase,,false
beside myself,вне себя (от эмоций),30215,idiom,,false
take one for the team,взять удар на себя ради команды,30216,idiom,,false
across the board,по всем направлениям; повсеместно,30217,idiom,,false
the Midas touch,золотые руки; дар наживать деньги,30218,idiom,,false
no rest for the wicked,нет покоя грешным; ни минуты покоя,30219,idiom,,false
move up,продвигаться вверх; повышаться,30220,phrasal,,true
all the rage,последний писк; на пике популярности,30221,idiom,,false
the mother lode,золотая жила,30222,idiom,,false
fly off the handle,сорваться; выйти из себя,30223,idiom,,false
to fill SOMEBODY in,ввести кого-то в курс дела,30224,phrasal,,true
handicapable VS handicapped,с особыми возможностями (эвф.) против инвалид,30225,adj,,false
do the math,прикинуть; сделать выводы,30226,idiom,,false
crocodile tears,крокодиловы слёзы,30227,idiom,,false
to CEMENT,закрепить; упрочить,30228,verb,,false
so much for,вот тебе и; на этом всё (об ожиданиях),30229,idiom,,false
a bang-up job,отличная работа; на ура,30230,idiom,,false
try selling them on,убеждать их; впаривать им,30231,idiom,,false
a red letter day,знаменательный день; красный день календаря,30232,idiom,,false
for one,например; со своей стороны,30233,idiom,,false
to RANT,разглагольствовать; гневно тирадить,30234,verb,,false
to TAP INTO something,задействовать; черпать из чего-то,30235,idiom,,false
You'll walk away with ...,вы унесёте с собой...,30236,phrase,,false
Ivy League,Лига плюща (элитные вузы),30237,noun,,false
to plug away,упорно трудиться; корпеть,30238,phrasal,,true
floored,ошарашенный; огорошенный,30239,adj,,false
WET behind the EARS,молоко на губах не обсохло; зелёный,30240,idiom,,false
to be loaded,быть при деньгах; быть в стельку (сленг),30241,idiom,,false
a close call,опасная ситуация; на волоске,30242,idiom,,false
to do someone's bidding,выполнять чьи-то прихоти; быть на побегушках,30243,idiom,,false
like it's candy,как семечки; будто конфетки,30244,idiom,,false
Leap Day,29 февраля (високосный день),30245,noun,,false
a complete wash-out,полный провал; коту под хвост,30246,idiom,,false
a red-eye flight,ночной авиарейс (красноглазый),30247,noun,,false
"a Scrooge, a tightwad",скряга; жмот,30248,noun,,false
to be awash in,утопать в чём-то; быть заваленным,30249,idiom,,false
make or break,решающий; пан или пропал,30250,idiom,,false
out of whack,разлаженный; вкривь и вкось,30251,idiom,,false
clickbait,кликбейт (приманка для кликов),30252,noun,,false
the sweet spot,золотая середина; идеальная точка,30253,idiom,,false
smooth move,ловкий ход; молодец (часто иронично),30254,idiom,,false
a crackpot idea,бредовая идея; вздорная затея,30255,idiom,,false
a close shave,на волосок от беды; пронесло,30256,idiom,,false
shelling out,выкладывать кругленькую сумму; раскошеливаться,30257,phrasal,,true
urban sprawl,расползание городов; городская застройка,30258,noun,,false
actionable,пригодный к действию; практически применимый,30259,adj,,false
a hot-button issue,острый вопрос; больная тема,30260,idiom,,false
get a quote,получить расценку; запросить цену,30261,idiom,,false
flip-flop and waffle,метаться; вилять; идти на попятную,30262,idiom,,false
wishy-washy,неопределённый; ни рыба ни мясо,30263,adj,,false
fickle,непостоянный; переменчивый,30264,adj,,false
stick-to-itiveness,упорство; настойчивость,30265,noun,,false
TP,туалетная бумага (TP),30266,noun,,false
a homewrecker,разлучник(ца); разрушитель семьи,30267,noun,,false
music to my ears,бальзам на душу; ласкает слух,30268,idiom,,false
took its toll,сказалось; дало о себе знать; измотало,30269,idiom,,false
goosebumps,мурашки (по коже),30270,noun,,false
my beacon,мой маяк; путеводная звезда,30271,noun,,false
shot myself in the foot,сам себе навредил; выстрелил себе в ногу,30272,idiom,,false
up in the air,под вопросом; в подвешенном состоянии,30273,idiom,,false
make a pitch,предложить идею; зазывать; рекламировать,30274,idiom,,false
flab,дряблый жирок; обвисший жир,30275,noun,,false
my bread and butter,мой хлеб насущный; основной заработок,30276,idiom,,false
flabbergasted,ошеломлённый; огорошенный,30277,adj,,false
a light wallet,тощий кошелёк; безденежье,30278,idiom,,false
to butt dial SMO,случайно набрать кого-то в кармане,30279,phrasal,,true
a nightcap,рюмочка на ночь; стаканчик перед сном,30280,noun,,false
to trip SB out,ошарашить кого-то; вынести мозг (сленг),30281,phrasal,,true
take a crack at it,попробовать; рискнуть,30282,idiom,,false
a junkie,наркоман; фанатик чего-то,30283,noun,,false
take it at face value,принимать за чистую монету,30284,idiom,,false
duke it out,выяснять отношения; сразиться,30285,phrasal,,true
elbow grease,усердный труд; пот и усилия,30286,idiom,,false
brick and mortar,офлайновый; реальный (магазин),30287,idiom,,false
Did you send out ~ & ~ is a thing of the past,ты разослал ~ а ~ уже в прошлом,30288,phrase,,false
to be a slam-dunk,верное дело; беспроигрышный вариант,30289,idiom,,false
to take something by storm,завоевать с ходу; покорить штурмом,30290,idiom,,false
rustle up something,сообразить на скорую руку; раздобыть,30291,phrasal,,true
brush up on,освежить знания; подтянуть,30292,phrasal,,true
to mean well,иметь добрые намерения; желать добра,30293,idiom,,false
a snake oil,шарлатанское средство; разводилово,30294,noun,,false
to grill,допрашивать с пристрастием; устроить допрос,30295,verb,,false
What's the drill?,какой расклад?; в чём суть дела?,30296,idiom,,false
dying to DO SMT & die vs dye,до смерти хочется сделать; умирать от желания,30297,idiom,,false
know which side your bread is buttered on,"знать, с какой стороны хлеб маслом намазан",30298,idiom,,false
take the edge off,снять напряжение; немного успокоить,30299,idiom,,false
Let it go,отпусти; забей; смирись,30300,idiom,,false
razzle-dazzle,показуха; пускание пыли в глаза,30301,noun,,false
like a turkey voting for Thanksgiving,"рубить сук, на котором сидишь",30302,idiom,,false
The sky's the limit.,предела нет; всё в твоих руках,30303,idiom,,false
to clinch,заполучить; окончательно закрепить (сделку),30304,verb,,false
FULL NAME,полное имя,30305,noun,,false
swanky,шикарный; пафосный (разг.),30306,adj,,false
does a bear sh*t in the woods,а как же иначе; само собой (груб.),30307,idiom,,false
harder than you think,"сложнее, чем кажется",30308,phrase,,false
a stand-up guy,порядочный человек; надёжный парень,30309,idiom,,false
weed,травка; марихуана (сленг); сорняк,30310,noun,,false
"a dope, to be dope",классный; крутой (сленг); болван,30311,adj,,false
lulz …lol,ржака; лол (сленг),30312,interjection,,false
to pledge,дать обет; пожертвовать; поручиться,30313,verb,,false
to chomp on (into) something,грызть; жадно вгрызаться,30314,phrasal,,true
to be under the weather,приболеть; быть не в форме,30315,idiom,,false
to sweep someone off their feet,вскружить голову; покорить,30316,idiom,,false
to luck out,неожиданно повезти; подфартить,30317,phrasal,,true
give it a shot,попробовать; рискнуть,30318,idiom,,false
to take apart,разобрать (на части),30319,phrasal,,true
to take part,участвовать; принять участие,30320,idiom,,false
Big city nicknames,прозвища больших городов,30321,noun,,false
on the off chance,на всякий случай; вдруг,30322,idiom,,false
Lucky me,везёт же мне (часто иронично),30323,idiom,,false
to upstage somebody,затмить кого-то; переплюнуть,30324,verb,,false
the lesser of two evils,меньшее из двух зол,30325,idiom,,false
you would think,казалось бы; можно подумать,30326,idiom,,false
Viewer discretion is advised.,зрителям рекомендуется осторожность,30327,phrase,,false
like vs as,like против as (как),30328,phrase,,false
in broad daylight,средь бела дня,30329,idiom,,false
cockamamie,нелепый; вздорный; идиотский,30330,adj,,false
to get wind of something,прознать о чём-то; пронюхать,30331,idiom,,false
slip through the cracks,ускользнуть; провалиться сквозь щели,30332,idiom,,false
to come around,согласиться (в итоге); прийти в себя; заглянуть,30333,phrasal,,true
in the cards,суждено; на роду написано,30334,idiom,,false
I feel less and less so,всё меньше так чувствую,30335,phrase,,false
Copy that!,принято!; вас понял!,30336,interjection,,false
Up yours!,да пошёл ты! (груб.),30337,interjection,,false
way off the mark,мимо; в корне неверно,30338,idiom,,false
Good on you!,молодец!; так держать!,30339,interjection,,false
Them's fightin' words!,за такое и в морду можно!,30340,idiom,,false
Whatsoever,вообще; ни в малейшей степени,30341,adv,,false
to pigeonhole someone,навешивать ярлыки; загонять в рамки,30342,verb,,false
Tell me about it,и не говори; ещё бы,30343,idiom,,false
to pull the plug,прикрыть лавочку; положить конец,30344,idiom,,false
a live wire,энергичный человек; живчик; оголённый провод,30345,idiom,,false
back in my heyday,в дни моего расцвета,30346,idiom,,false
beneath contempt,ниже всякого презрения,30347,idiom,,false
a double whammy,двойной удар; двойная беда,30348,idiom,,false
is all but,почти что; едва ли не,30349,idiom,,false
is not all that,не такой уж и; так себе,30350,idiom,,false
the trade-off,компромисс; цена выбора,30351,noun,,false
He has got it bad,он по уши влюблён,30352,idiom,,false
to be underhanded,действовать исподтишка; нечестно,30353,adj,,false
to milk something,выжимать всё до капли; доить,30354,verb,,false
at your beck and call,на побегушках; по первому зову,30355,idiom,,false
WYSIWYG,"что видишь, то и получишь (WYSIWYG)",30356,idiom,,false
jumped me,напал на меня; накинулся,30357,verb,,false
Split the difference,сойтись на середине; разделить пополам,30358,idiom,,false
thingamajig,штуковина; как-его-там,30359,noun,,false
potluck,вскладчину; обед со своими блюдами,30360,noun,,false
demanding,требовательный; взыскательный,30361,adj,,false
don't get fresh with me,не дерзи мне; не наглей,30362,idiom,,false
to make up (for),компенсировать; наверстать; помириться,30363,phrasal,,true
to offset,компенсировать; уравновешивать,30364,verb,,false
to pull the wool over someone's eyes,пускать пыль в глаза; обводить вокруг пальца,30365,idiom,,false
gets me every time,каждый раз пробирает; всегда цепляет,30366,idiom,,false
sticks and stones may break my bones…,брань на вороту не виснет,30367,idiom,,false
haters gonna hate,завистники всегда найдутся,30368,idiom,,false
takes one to know one,"кто обзывается, тот сам так называется",30369,idiom,,false
to be wired,на взводе; перевозбуждённый,30370,idiom,,false
put a crimp in my plan,спутать мне планы; подпортить замысел,30371,idiom,,false
run of the mill,заурядный; обыкновенный,30372,idiom,,false
to pander,потакать; угождать (низменным вкусам),30373,verb,,false
to be pumped,на взводе; полный энтузиазма (сленг),30374,idiom,,false
Monday-morning quarterback,крепок задним умом; критик-всезнайка,30375,idiom,,false
a cowlick,вихор; непослушная прядь,30376,noun,,false
rooting for you,болею за тебя; поддерживаю,30377,idiom,,false
to make a stand,дать отпор; занять твёрдую позицию,30378,idiom,,false
beat SMO to it,опередить кого-то; успеть раньше,30379,idiom,,false
pirating...to pirate...pirated,пиратство; пиратить; пиратский,30380,verb,,false
bring in the big guns,пустить в ход тяжёлую артиллерию,30381,idiom,,false
tough as nails,твёрдый как кремень; стойкий,30382,idiom,,false
take up (time) VS take up (SMT),занимать (время) против поднимать (тему),30383,phrasal,,true
take up with VS take SMT up with SMO,связаться с кем-то против обсудить с кем-то,30384,phrasal,,true
Go big or go home,"либо пан, либо пропал; ва-банк",30385,idiom,,false
the proof is in the pudding,всё проверяется на деле,30386,idiom,,false
I'm sitting on it,я пока придерживаю это; сижу на этом,30387,idiom,,false
You know what they say,как говорится; знаешь поговорку,30388,idiom,,false
Can't make head nor tail,ничего не разобрать; ни складу ни ладу,30389,idiom,,false
to sweep something under the rug,замять; спрятать концы в воду,30390,idiom,,false
the powers that be,власти предержащие; начальство (разг.),30391,idiom,,false
"sort as a VERB, NOUN and ADV","сортировать; вид, сорт; вроде, как бы (разг.)",30392,verb,,false
"beach, sheet and fork (pronunciation warning~)",пляж; простыня; вилка,30393,noun,,false
"through as an ADV, PREP and ADJ","сквозь, через; насквозь; готовый, законченный",30394,adv,,false
"Aw, shucks","да ну, ладно тебе (смущённо)",30395,interjection,,false
Golly!,ну надо же!; вот это да! (устар. разг.),30396,interjection,,false
see a man about a horse,отлучиться по нужде (эвф.),30397,idiom,,false
highbrow,интеллектуал; высоколобый (об искусстве),30398,adj,,false
corporate material,подходящий для корпоративной работы,30399,idiom,,false
for the lowest common denominator,в расчёте на самый низкий уровень,30400,idiom,,false
raise the roof,поднять шум; бурно веселиться,30401,idiom,,false
You know your ~Greeks~!,ты разбираешься в греках!,30402,phrase,,false
more than one way to skin a cat,есть много способов добиться своего,30403,idiom,,false
to have a chip on your shoulder,быть обидчивым; держать обиду,30404,idiom,,false
painstaking,кропотливый; тщательный,30405,adj,,false
take it in stride,воспринимать спокойно; принимать как должное,30406,idiom,,false
Murphy's Law,закон подлости; закон Мерфи,30407,idiom,,false
to get owned (pwn/pwnd),быть разгромленным; опозориться (сленг),30408,idiom,,false
a big plus,большой плюс; явное преимущество,30409,idiom,,false
to have no call to,не иметь повода (что-то делать),30410,idiom,,false
a cinch,пустяк; раз плюнуть (разг.),30411,noun,,false
dead on,в точку; точно,30412,adj,,false
a dad bod,папин животик; обмякшее тело (разг.),30413,noun,,false
to dish out,раздавать; отпускать (колкости),30414,phrasal,,true
take the high road,поступить благородно; не опускаться до склок,30415,idiom,,false
crabby,раздражительный; ворчливый,30416,adj,,false
Chance for/Chance to/Chance of,шанс на/возможность/вероятность,30417,noun,,false
my BFAM or my SFAM,мой названый брат/сестра (сленг),30418,noun,,false
to have blinders on,зашоренность; видеть только своё,30419,idiom,,false
touch base,связаться; сверить планы,30420,idiom,,false
to lose touch with OR lose contact with,потерять связь с кем-то,30421,idiom,,false
RSVP (as a verb!),ответить на приглашение (о присутствии),30422,verb,,false
have at it,"давай, валяй; принимайся за дело",30423,idiom,,false
to horse around,дурачиться; беситься (разг.),30424,phrasal,,true
jealousy vs envy,ревность против зависти,30425,noun,,false
no-nonsense,деловой; без церемоний,30426,adj,,false
What do you got? (X3),что у тебя есть?; что скажешь?,30427,phrase,,false
Rats!,чёрт!; вот досада! (разг.),30428,interjection,,false
no traffic/tons of traffic,без пробок/жуткие пробки,30429,noun,,false
to rattle someone,выбить из колеи; нервировать,30430,verb,,false
It don't mean jack,это ничего не значит; пофиг (разг.),30431,idiom,,false
"bald bald, good good","совсем лысый, очень хороший (усиление повтором)",30432,phrase,,false
24/7 (INTONATION!),круглосуточно; без передышки,30433,idiom,,false
the silver bullet,панацея; волшебное решение,30434,idiom,,false
chronic pain,хроническая боль,30435,noun,,false
say something out in the open,сказать открыто; высказать прямо,30436,idiom,,false
to put the kibosh on something,положить конец чему-то; прикрыть,30437,idiom,,false
alls I need is…,"всё, что мне нужно… (разг.)",30438,phrase,,false
sheer,"сущий, полнейший; отвесный",30439,adj,,false
pesky,надоедливый; докучливый,30440,adj,,false
to spruce up,привести в порядок; приукрасить,30441,phrasal,,true
on so many levels,во многих отношениях,30442,idiom,,false
to side with someone,встать на чью-то сторону,30443,idiom,,false
to rile somebody up,злить; раззадоривать кого-то,30444,phrasal,,true
the wherewithal,"средства; возможности (деньги, ресурсы)",30445,noun,,false
a bunny boiler,одержимая ревнивица; маньячка (разг.),30446,idiom,,false
to get the EDGE on SMO,получить преимущество над кем-то,30447,idiom,,false
Go for it!,"давай, дерзай!; вперёд!",30448,interjection,,false
to quibble over,придираться к мелочам; спорить по пустякам,30449,idiom,,false
to dole out,раздавать; выдавать по частям,30450,phrasal,,true
on the dole,на пособии по безработице,30451,idiom,,false
to fly the coop,сбежать; смыться (разг.),30452,idiom,,false
taken for a ride,быть обманутым; быть одураченным,30453,idiom,,false
If it looks like a duck...,если это похоже на утку… (всё очевидно),30454,idiom,,false
to get worked up about,заводиться; нервничать из-за чего-то,30455,idiom,,false
denial ain't just a river in Egypt,отрицание — это не только река в Египте (игра слов),30456,idiom,,false
in denial,в отрицании; не признавать очевидного,30457,idiom,,false
rolls,складки жира; валики,30458,noun,,false
dumbstruck,ошарашенный; онемевший от изумления,30459,adj,,false
spoiler-alert,"осторожно, спойлер!",30460,phrase,,false
to be DENSE,тупой; непонятливый,30461,adj,,false
Can you back it up?,можешь подтвердить?; можешь дать задний ход?,30462,phrase,,false
bragging rights,право похвастаться,30463,noun,,false
What's the rush?,куда спешка?; зачем торопиться?,30464,phrase,,false
He who smelt it dealt it.,"кто почуял, тот и навонял (шутл.)",30465,idiom,,false
wait up,подожди; не беги так,30466,phrasal,,true
I do like…I do need…WHY do?,"я ведь люблю…, мне ведь нужно… (зачем do?)",30467,phrase,,false
a closet fan,тайный фанат; скрытый поклонник,30468,idiom,,false
leeway,свобода действий; запас,30469,noun,,false
a knack...the knack,сноровка; умение,30470,noun,,false
hubris,гордыня; высокомерие,30471,noun,,false
a ruse,уловка; хитрость,30472,noun,,false
"Kirk, out!","Кирк, отбой!; конец связи",30473,phrase,,false
shoot,чёрт!; блин! (эвф.),30474,interjection,,false
moo juice,молоко (шутл.),30475,noun,,false
I'm good!,"нет, спасибо; мне и так хорошо",30476,phrase,,false
my plate's full,я занят по горло; дел невпроворот,30477,idiom,,false
zilch,ноль; ничего (разг.),30478,noun,,false
piecemeal,по частям; постепенно,30479,adv,,false
to lose one's bearings,потерять ориентир; растеряться,30480,idiom,,false
a bleak future,мрачное будущее; безрадостные перспективы,30481,idiom,,false
Things that make you go hmm…,"то, что заставляет задуматься",30482,idiom,,false
to get chunky,полнеть; раздаваться (разг.),30483,idiom,,false
to weasel out of something,увильнуть; отвертеться от чего-то,30484,idiom,,false
go to bat for someone,заступиться за кого-то,30485,idiom,,false
come to terms with,смириться с чем-то; примириться,30486,idiom,,false
walk it off,перетерпеть; стряхнуть боль,30487,phrasal,,true
my foot…my *ss…my butt,"как же!; чёрта с два!; ага, конечно",30488,interjection,,false
is dogging me,преследует меня; не даёт покоя,30489,idiom,,false
a jock,спортсмен; качок (разг.),30490,noun,,false
doughboy,пышка; пухляш; солдат-пехотинец,30491,noun,,false
a handful,непоседа; хлопотное дело; горсть,30492,noun,,false
a drag,зануда; тоска зелёная (разг.),30493,noun,,false
tight,тесный; скупой; крутой (сленг),30494,adj,,false
a scatterbrain,рассеянный человек; растяпа,30495,noun,,false
doesn't cut it,не годится; не катит (разг.),30496,idiom,,false
hit me up,напиши мне; свяжись со мной (разг.),30497,phrasal,,true
flimsy,хлипкий; неубедительный,30498,adj,,false
a bug zapper,электрическая мухобойка,30499,noun,,false
roots,корни; происхождение,30500,noun,,false
Raise your glass...,поднимем бокалы…; выпьем за…,30501,idiom,,false
to LABEL someone,навешивать ярлык на кого-то,30502,verb,,false
when the rooster crows,когда петух прокричит; на рассвете,30503,idiom,,false
"one step forward, two steps back","шаг вперёд, два шага назад",30504,idiom,,false
iffy,сомнительный; рискованный,30505,adj,,false
to iron out (plus pronunciation of iron!),уладить; утрясти (плюс произношение iron),30506,phrasal,,true
this VS that VS it,this против that против it,30507,phrase,,false
Still,всё же; тем не менее,30508,adv,,false
telemarketers,телефонные продавцы; навязчивые рекламщики,30509,noun,,false
swing and a miss,промах; неудачная попытка,30510,idiom,,false
to throw a temper tantrum,закатить истерику; устроить скандал,30511,idiom,,false
soulmate,родственная душа; вторая половинка,30512,noun,,false
to be full of himself,быть самодовольным; задирать нос,30513,idiom,,false
to be filled with confidence,быть полным уверенности,30514,idiom,,false
an invigorating sleep,бодрящий сон,30515,noun,,false
to break someone,сломить кого-то; подавить волю,30516,verb,,false
to draw a blank,не вспомнить; в голове пусто,30517,idiom,,false
to lose sleep over something,переживать из-за чего-то; терять сон,30518,idiom,,false
a living legend,живая легенда,30519,noun,,false
a knuckle dragger,неандерталец; тупой грубиян (разг.),30520,idiom,,false
I have a condition,у меня заболевание; у меня есть особенность,30521,phrase,,false
…period,…и точка; и всё,30522,idiom,,false
a knee-slapper,уморительная шутка; обхохочешься,30523,noun,,false
to nosh,перекусить; пожевать (разг.),30524,verb,,false
saved the day,спас положение; выручил,30525,idiom,,false
Whatever floats your boat +,кому что нравится; на вкус и цвет,30526,idiom,,false
I can't thank you enough!,"не знаю, как тебя и благодарить!",30527,phrase,,false
to badger someone,донимать; приставать к кому-то,30528,verb,,false
to kick start,дать толчок; запустить,30529,phrasal,,true
peddling,торговля вразнос; навязывание,30530,verb,,false
second to none,непревзойдённый; лучше всех,30531,idiom,,false
in the limelight,в центре внимания,30532,idiom,,false
to hang in the balance,висеть на волоске; быть под вопросом,30533,idiom,,false
smack-dab in the middle of,в самой середине; прямо посередине,30534,idiom,,false
tenacity,упорство; цепкость,30535,noun,,false
an auspicious day,благоприятный день; счастливый день,30536,adj,,false
to be above reproach/beyond reproach,быть безупречным; вне упрёков,30537,idiom,,false
to get my own way,добиться своего; настоять на своём,30538,idiom,,false
out of it,не в себе; рассеянный; не в курсе,30539,idiom,,false
I owe it all to…,я всем обязан…,30540,phrase,,false
a loud tie,кричащий галстук; яркий галстук,30541,noun,,false
a reflective strip,светоотражающая полоса,30542,noun,,false
earthy colors,природные тона; землистые цвета,30543,adj,,false
bacon (more than just meat),бекон (не только мясо),30544,noun,,false
to leave your mark,оставить свой след,30545,idiom,,false
inscribe VS subscribe,надписать против подписаться,30546,verb,,false
They SOUND THE SAME: What are you doing/What do you mean?,звучат одинаково: что делаешь/что имеешь в виду,30547,phrase,,false
to go/be AWOL,быть в самоволке; пропасть без вести,30548,idiom,,false
I misspoke!,я оговорился!; не так выразился,30549,phrase,,false
Don't knock it 'til you try it!,"не критикуй, пока не попробуешь!",30550,idiom,,false
chitchat VS shoot the breeze,болтовня против трёпа,30551,idiom,,false
to be on the level with SMO,быть откровенным с кем-то; начистоту,30552,idiom,,false
eat like a bird,есть как птичка; есть очень мало,30553,idiom,,false
to put a dent into SMT,нанести урон; основательно взяться,30554,idiom,,false
use your noggin,шевели мозгами; пошевели извилинами (разг.),30555,idiom,,false
pull your weight,тянуть свою лямку; вносить свой вклад,30556,idiom,,false
a rain check,перенос на потом; в другой раз,30557,idiom,,false
Get the vote out!,мобилизуй избирателей!; зови всех голосовать,30558,idiom,,false
What a joke,вот умора; вот это насмешка,30559,phrase,,false
earnest,серьёзный; искренний,30560,adj,,false
to josh,подшучивать; разыгрывать (разг.),30561,verb,,false
quarantine (noun and verb),карантин; помещать на карантин,30562,noun,,false
skip the middleman,без посредника; напрямую,30563,idiom,,false
dinner and a movie,ужин и кино (романтическое свидание),30564,idiom,,false
a show of hands,голосование поднятием рук,30565,idiom,,false
old-timer,старожил; ветеран,30566,noun,,false
Tupperware,пластиковый контейнер (для еды),30567,noun,,false
a knockoff,подделка; дешёвая копия,30568,noun,,false
to freeload/a freeloader,жить на халяву; халявщик,30569,verb,,false
"the runs (ARE you eating now? If yes, listen later!!!)",понос (предупреждение для едящих),30570,noun,,false
nauseous,тошнотворный; чувствующий тошноту,30571,adj,,false
feel a little warm,слегка теплеть; чувствовать жар,30572,idiom,,false
wrapped around someone's finger,быть под каблуком; вертеть кем-то,30573,idiom,,false
Give credit where credit is due,отдай должное по заслугам,30574,idiom,,false
...smarter than he looks...,"умнее, чем кажется",30575,idiom,,false
honest to a fault,честный до невозможности,30576,idiom,,false
"drop off, drop-off, dropoff!",высадить; высадка; пункт сдачи,30577,phrasal,,true
Watch your step,смотри под ноги; осторожно,30578,idiom,,false
Give him an inch and he'll take a mile,дай палец — откусит руку,30579,idiom,,false
the lowdown,вся подноготная; точная информация,30580,noun,,false
"lock, stock and barrel",всё целиком; со всеми потрохами,30581,idiom,,false
a hollow victory,пустая победа; победа без радости,30582,idiom,,false
the nitty-gritty,самая суть; подноготная,30583,idiom,,false
a sub / to sub for…subbing for,замена; заменять; подмена,30584,noun,,false
Back at you!,и тебе того же!; взаимно!,30585,phrase,,false
jumping on the wrong bandwagon,примкнуть не к той стороне; поддержать заведомо проигрышное дело,30586,idiom,,false
to be conned into VERBing,дать себя обмануть/уговорить (делать что-то),30587,idiom,,false
to tie one on,напиться в стельку (разг.),30588,idiom,,false
tit for tat,око за око; зуб за зуб,30589,idiom,,false
to have a penchant for,иметь склонность/слабость к,30590,idiom,,false
man the grill,стоять у гриля; жарить мясо,30591,phrase,,false
to harbor a feeling,"затаить чувство (обиду, неприязнь)",30592,idiom,,false
kill two birds with one stone,убить двух зайцев одним выстрелом,30593,idiom,,false
quite a few (be careful with this one!),довольно много; немало,30594,idiom,,false
to cut it close,едва успеть; оставить впритык,30595,idiom,,false
pear-shaped (2 definitions!),грушевидный; пойти наперекосяк,30596,adj,,false
itching to do something,сгорать от нетерпения сделать что-то,30597,idiom,,false
to ace something,сдать на отлично; блестяще справиться,30598,verb,,false
to freeze my butt off,промёрзнуть до костей; отморозить себе всё (разг.),30599,idiom,,false
to move mountains,свернуть горы,30600,idiom,,false
to be chintzy,быть скупым; жмотиться (разг.),30601,verb,,false
snazzy,шикарный; стильный (разг.),30602,adj,,false
"Close, but no cigar.","почти, но мимо; чуть-чуть не дотянул",30603,idiom,,false
count your blessings,"цени то, что имеешь; будь благодарен",30604,idiom,,false
rubbernecker,зевака (глазеющий на ДТП),30605,noun,,false
What gives?,в чём дело?; что происходит?,30606,idiom,,false
to have a go!,попробовать; попытать счастья,30607,idiom,,false
I lost my cool.,я вышел из себя; я потерял самообладание,30608,idiom,,false
Holy crap!,вот блин!; чёрт возьми! (разг.),30609,interjection,,false
to give someone the benefit of the doubt,поверить кому-то на слово; не сомневаться без доказательств,30610,idiom,,false
to be chummy with,быть на дружеской ноге с; приятельствовать,30611,idiom,,false
don't quote me on that,не ссылайтесь на меня; за точность не ручаюсь,30612,idiom,,false
grab a nap,вздремнуть; прикорнуть,30613,phrase,,false
to sugarcoat SMT,приукрашивать; подсластить пилюлю,30614,idiom,,false
Don't quit your day job!,не бросай основную работу!; актёр из тебя так себе (ирон.),30615,idiom,,false
a rat's nest,бардак; полный беспорядок; колтун,30616,noun,,false
farm-to-fork,от фермы до стола; фермерская еда,30617,adj,,false
urbanite,горожанин; житель мегаполиса,30618,noun,,false
to dump something out,вывалить; высыпать что-то,30619,phrasal,,true
a dork,придурок; нелепый чудак (разг.),30620,noun,,false
flickering,мерцающий; мигающий,30621,adj,,false
under my belt,за плечами; в активе (об опыте),30622,idiom,,false
lay it on me,выкладывай; рассказывай (разг.),30623,idiom,,false
sound asleep,крепко спящий,30624,idiom,,false
lean on me,обопрись на меня; положись на меня,30625,idiom,,false
Your wish is my command...,ваше желание для меня закон,30626,idiom,,false
# to go,# порций навынос,30627,phrase,,false
holiday cheer,праздничное настроение,30628,noun,,false
Bah! Humbug!,вздор!; чепуха! (брюзжание о праздниках),30629,interjection,,false
The holiday season,праздничный сезон; новогодние праздники,30630,noun,,false
to belt out a song,горланить песню; петь во весь голос,30631,idiom,,false
"Yes, siree, Bob!","именно так!; точно, дружище! (разг.)",30632,interjection,,false
buff,накачанный; мускулистый (разг.),30633,adj,,false
a knee-jerk reaction/response,инстинктивная реакция; рефлекторный ответ,30634,idiom,,false
drained,выжатый как лимон; обессиленный,30635,adj,,false
in a huff,в раздражении; вспылив,30636,idiom,,false
to eyeball something,прикинуть на глаз; оценить приблизительно,30637,verb,,false
"lemming, sheep, sheeple",стадо баранов; конформисты (пренебр.),30638,noun,,false
get into a groove,войти в ритм; войти во вкус,30639,idiom,,false
long-winded,многословный; нудный,30640,adj,,false
to chime in,вставить слово; вмешаться в разговор,30641,phrasal,,true
to patch things up,помириться; уладить отношения,30642,phrasal,,true
for starters…,для начала…; во-первых…,30643,phrase,,false
let it slide,спустить на тормозах; закрыть глаза,30644,idiom,,false
in a pinch,в крайнем случае; на худой конец,30645,idiom,,false
short and sweet,коротко и ясно; кратко и по делу,30646,idiom,,false
mental,сумасшедший; чокнутый (разг.),30647,adj,,false
to be gifted,быть одарённым; иметь талант,30648,idiom,,false
to pick it up,освоить; ухватить; научиться,30649,phrasal,,true
to kick off,начать; стартовать,30650,phrasal,,true
thrift shop,секонд-хенд; комиссионка,30651,noun,,false
cut through the clutter,отсеять лишнее; пробиться сквозь хаос,30652,idiom,,false
a dead giveaway,"явная улика; то, что выдаёт с головой",30653,idiom,,false
a no-brainer,проще простого; и думать нечего,30654,idiom,,false
hand-me-downs,"вещи, переходящие по наследству; обноски",30655,noun,,false
air quotes (body language and spoken!),жест кавычек пальцами; «так называемый»,30656,noun,,false
"a longshot (long-shot, long shot)",рискованная затея; маловероятный шанс,30657,idiom,,false
discipline (noun and verb),дисциплина; наказывать,30658,noun,,false
"to cry: sob, wail, whimper","плакать: рыдать, выть, хныкать",30659,verb,,false
to follow along,следить за ходом; не отставать,30660,phrasal,,true
peachy,отлично; прекрасно (часто ирон.),30661,adj,,false
gives me a complex,вгоняет меня в комплексы,30662,idiom,,false
blah,тоска; уныние; так себе (разг.),30663,adj,,false
fingers crossed,держу кулачки; тьфу-тьфу,30664,idiom,,false
travel halfway around the world to…,"ехать на другой конец света, чтобы…",30665,idiom,,false
to leave no stone unturned,перевернуть всё вверх дном; испробовать все средства,30666,idiom,,false
cut to the chase,перейти к сути; ближе к делу,30667,idiom,,false
to put lipstick on a pig,тщетно приукрашивать безнадёжное,30668,idiom,,false
heading VS going,направляться против идти; куда держишь путь,30669,phrase,,false
What's all this racket?,что за шум?; что за гвалт?,30670,idiom,,false
Will do.,сделаю; будет сделано,30671,phrase,,false
in a nutshell,в двух словах; вкратце,30672,idiom,,false
What the…,что за…; какого…,30673,interjection,,false
weather vs climate,погода против климата,30674,noun,,false
to be stoked,быть в восторге; быть на седьмом небе (разг.),30675,idiom,,false
cry me a river,поплачься кому-нибудь другому (ирон.),30676,idiom,,false
but no,но нет; так и не вышло,30677,phrase,,false
"""a bug"" body-related",подхватить заразу; подцепить вирус,30678,noun,,false
a bug,жучок; мелкое насекомое,30679,noun,,false
out of date,устаревший; просроченный,30680,idiom,,false
a poor excuse,слабое оправдание; жалкая отговорка,30681,idiom,,false
to talk a mile a minute,тараторить; говорить без умолку,30682,idiom,,false
take a dip,окунуться; искупаться,30683,idiom,,false
to feign something,притворяться; симулировать,30684,verb,,false
You name it.,всё что угодно; чего только нет,30685,idiom,,false
a nail-biter,захватывающий момент; напряжённая развязка,30686,noun,,false
my lips are sealed,мои уста на замке; я буду молчать,30687,idiom,,false
mum's the word,молчок; никому ни слова,30688,idiom,,false
pass it on/along,передай дальше; распространи,30689,phrasal,,true
to bow out,уйти; выйти из игры,30690,phrasal,,true
an 8.3 magnitude quake,землетрясение магнитудой 8.3,30691,phrase,,false
bursting at the seams,трещит по швам; переполнен,30692,idiom,,false
Dead broke,без гроша; на мели (разг.),30693,idiom,,false
to tear around/through,носиться; метаться сломя голову,30694,phrasal,,true
crash,авария; рухнуть; зависнуть (о технике),30695,noun,,false
"Dutch, Holland, Netherlands","Голландия, Нидерланды",30696,noun,,false
the refs,судьи; арбитры (разг.),30697,noun,,false
Who's your money on?,на кого ставишь?,30698,idiom,,false
the devil is in the details,дьявол кроется в деталях,30699,idiom,,false
I could use (something to drink/eat),я бы не отказался от (выпить/поесть),30700,idiom,,false
to be fresh out of something,только что закончилось; нет в наличии,30701,idiom,,false
to gloss over,замять; обойти вскользь,30702,phrasal,,true
to be after something,стремиться к чему-то; добиваться,30703,phrasal,,true
sounds about right,похоже на правду; звучит верно,30704,idiom,,false
constructive criticism,конструктивная критика,30705,noun,,false
turn over a new leaf,начать с чистого листа; исправиться,30706,idiom,,false
my gut tells me…,чутьё мне подсказывает…,30707,idiom,,false
a kerfuffle,суматоха; переполох,30708,noun,,false
a bad omen (good ones too),дурная примета; плохое предзнаменование,30709,noun,,false
What keeps you up at night?,что не даёт тебе спать по ночам?,30710,idiom,,false
opposites attract,противоположности притягиваются,30711,idiom,,false
in a rut,в застое; в рутине; топтаться на месте,30712,idiom,,false
two-faced,двуличный; лицемерный,30713,adj,,false
ticked off,раздражённый; взбешённый (разг.),30714,idiom,,false
to sneeze at something,относиться пренебрежительно; не пренебрегать,30715,idiom,,false
to be slapped with a fine,получить штраф; быть оштрафованным,30716,idiom,,false
to dabble in,баловаться чем-то; пробовать понемногу,30717,phrasal,,true
pizzazz,изюминка; шик; задор,30718,noun,,false
a dish,"красотка; лакомый кусочек (о человеке, разг.)",30719,noun,,false
in the shop,в ремонте (об авто),30720,idiom,,false
to breathe over someone's shoulder,стоять над душой; контролировать каждый шаг,30721,idiom,,false
crucial,решающий; крайне важный,30722,adj,,false
coming along,продвигается; идёт на лад,30723,phrasal,,true
I need to get out more,мне нужно больше бывать на людях,30724,idiom,,false
like-minded,единомышленник; со схожими взглядами,30725,adj,,false
"Some t-shirt, huh?","ну и футболка, а?; классная футболка!",30726,phrase,,false
to be on thin ice,ходить по тонкому льду; быть на грани,30727,idiom,,false
Duh,ну очевидно же; и ежу понятно (разг.),30728,interjection,,false
to catch up,наверстать; пообщаться после долгого перерыва,30729,phrasal,,true
to catch a movie/game,сходить на фильм/матч,30730,phrase,,false
to be tied up with something,быть занятым; быть связанным делами,30731,idiom,,false
gibberish,тарабарщина; бессмыслица,30732,noun,,false
to leg it,дать дёру; убегать (разг.),30733,idiom,,false
a hodgepodge,мешанина; всякая всячина,30734,noun,,false
midnight snack,ночной перекус,30735,noun,,false
leftovers,остатки еды; вчерашняя еда,30736,noun,,false
great shot,отличный бросок/удар; классный кадр,30737,phrase,,false
to scoff at,насмехаться над; презрительно отзываться,30738,phrasal,,true
to tank,"провалиться; обрушиться (о ценах, проекте)",30739,verb,,false
I got a beef with you.,у меня к тебе претензия; имею на тебя зуб (разг.),30740,idiom,,false
What is he to you?,кто он тебе?,30741,idiom,,false
to do my darndest,выложиться по полной; сделать всё возможное,30742,idiom,,false
to give props to someone,отдать должное; воздать хвалу кому-то,30743,idiom,,false
bossy,властный; командирский,30744,adj,,false
Go out on a limb…,рискнуть; высказать смелое мнение,30745,idiom,,false
"""to plug in"" (NOT electricity!)",подключиться; включиться в дело (не об электричестве),30746,phrasal,,true
to cuddle,обниматься; ласкаться,30747,verb,,false
take cover,укрыться; залечь,30748,phrasal,,true
minute (NOT time!!),мельчайший; крошечный (не «минута»),30749,adj,,false
look no further,дальше можно не искать; лучше не найти,30750,idiom,,false
"you snooze, you lose","промедлишь — проиграешь; кто не успел, тот опоздал",30751,idiom,,false
a slew of something,куча; множество чего-то,30752,idiom,,false
in a heartbeat,мгновенно; не раздумывая,30753,idiom,,false
don't jump the gun,не торопи события; не забегай вперёд,30754,idiom,,false
creep me out,пугать меня; вызывать мурашки (разг.),30755,idiom,,false
to clear your head,проветрить голову; привести мысли в порядок,30756,idiom,,false
What's your take?,каково твоё мнение?; что думаешь?,30757,idiom,,false
give me some feedback,дай мне обратную связь; выскажи мнение,30758,idiom,,false
all that jazz,и всё такое прочее; и тому подобное,30759,idiom,,false
before my time,до меня; ещё до моего времени,30760,idiom,,false
to dump on someone,вываливать проблемы; срывать злость на ком-то,30761,phrasal,,true
a slow jam,медленная композиция; лиричная песня,30762,noun,,false
to put your best foot forward,показать себя с лучшей стороны,30763,idiom,,false
to crack someone up,насмешить кого-то до слёз,30764,idiom,,false
jerk,придурок; козёл (груб.),30765,noun,,false
savvy,смекалистый; сообразительный (разг.),30766,adj,,false
to take a dump,сходить по-большому; справить нужду (груб.),30767,idiom,,false
writer's block,творческий ступор; писательский тупик,30768,noun,,false
a can-do attitude,настрой «мне всё по плечу»; деловой оптимизм,30769,idiom,,false
to bail on someone,подвести кого-то; кинуть; не прийти (разг.),30770,phrasal,,true
no strings attached,без обязательств; ни к чему не обязывая,30771,idiom,,false
to put it bluntly,честно говоря; начистоту,30772,idiom,,false
(place) is a dump,это дыра; убогое место (разг.),30773,idiom,,false
to dump someone,бросить кого-то; порвать отношения,30774,verb,,false
... per se,как таковой; сам по себе,30775,idiom,,false
dumpster,мусорный контейнер; помойка,30776,noun,,false
to dig deep,копать глубже; выкладываться по полной,30777,idiom,,false
keep your nose clean,не лезь в неприятности; веди себя честно,30778,idiom,,false
better safe than sorry,бережёного бог бережёт; лучше перебдеть,30779,idiom,,false
down in the dumps,в унынии; в подавленном настроении,30780,idiom,,false
head over heels,влюбиться без памяти; по уши,30781,idiom,,false
the dump,свалка; помойка,30782,noun,,false
to rub someone's nose in it,тыкать носом; злорадствовать,30783,idiom,,false
never delivers,всё время подводит; никогда не выполняет обещанного,30784,phrase,,false
to call dibs,застолбить за собой; чур моё,30785,idiom,,false
to solidify something,закрепить; упрочить,30786,verb,,false
to pick someone's brain,выведать чьи-то знания; расспросить знатока,30787,idiom,,false
to have no say,не иметь права голоса,30788,idiom,,false
no less so than...,"не менее, чем...",30789,phrase,,false
to haul ass,мчаться во весь опор; пошевеливаться (груб.),30790,idiom,,false
to get a lot out of something,извлечь много пользы из чего-то,30791,idiom,,false
to fool around,валять дурака; бездельничать,30792,phrasal,,true
I can live with some...,с этим я могу смириться; это терпимо,30793,phrase,,false
is top shelf,высший сорт; первоклассный,30794,idiom,,false
RIP...,покойся с миром...,30795,phrase,,false
You reap what you sow,"что посеешь, то и пожнёшь",30796,idiom,,false
I can't shake SOMETHING,никак не могу избавиться от...,30797,phrase,,false
I'm off out TIME,я ухожу; меня не будет (разг.),30798,phrase,,false
just plain ADJECTIVE,просто-напросто...; откровенно...,30799,adv,,false
the tide has turned for/against,ситуация изменилась в пользу/против,30800,idiom,,false
sit tight,сиди смирно; жди,30801,idiom,,false
A pales in comparison to B,A не идёт ни в какое сравнение с B,30802,idiom,,false
binge-listening,запойное прослушивание,30803,noun,,false
a token American,американец для галочки; символический американец,30804,idiom,,false
a solid background in,солидный опыт/база в,30805,phrase,,false
a perfect mix of A and B,идеальное сочетание A и B,30806,phrase,,false
puts a smile on my face,вызывает у меня улыбку; радует меня,30807,idiom,,false
to water down,разбавлять; смягчать; выхолащивать,30808,phrasal,,true
freebies,халява; бесплатные подарки,30809,noun,,false
to tide someone over,помочь продержаться; перебиться,30810,phrasal,,true
to get through TIME,пережить; продержаться (период),30811,phrasal,,true
no pun intended,без каламбура; не сочтите за каламбур,30812,phrase,,false
a sticky situation,щекотливая ситуация,30813,idiom,,false
NERD vs GEEK,ботаник против гика,30814,phrase,,false
to be thick-skinned,иметь толстую кожу; быть неуязвимым к критике,30815,idiom,,false
save my spot,займи мне место,30816,phrase,,false
to cut in line,влезть без очереди,30817,idiom,,false
a retrospective,ретроспектива; обзор прошлого,30818,noun,,false
Third World problems,проблемы сытых; надуманные проблемы,30819,idiom,,false
to nip it in the bud,пресечь в зародыше,30820,idiom,,false
to be engaged,быть помолвленным; быть занятым,30821,verb,,false
to run ragged,загнать до изнеможения,30822,idiom,,false
a Sunday driver,медлительный водитель; тихоход,30823,idiom,,false
to swerve,резко свернуть; вильнуть,30824,verb,,false
to fall flat,провалиться; не возыметь эффекта,30825,idiom,,false
to be washed up,выдохнуться; быть конченым (о карьере),30826,idiom,,false
to be in its infancy,быть в зачаточном состоянии,30827,idiom,,false
to break even,выйти в ноль; окупиться,30828,idiom,,false
dazzle,ослеплять; поражать,30829,verb,,false
to mold A into B,превратить A в B; вылепить из A B,30830,idiom,,false
to pan out,сложиться удачно; выгореть,30831,phrasal,,true
asking price,запрашиваемая цена,30832,noun,,false
Yikes!,ой!; ужас!,30833,interjection,,false
to GIVE smo A HOLLER,звякнуть кому-то; черкнуть весточку,30834,idiom,,false
to dwell on something,зацикливаться на чём-то; долго переживать,30835,phrasal,,true
to be industrious,быть трудолюбивым,30836,adj,,false
More power to you!,молодец!; так держать!,30837,interjection,,false
standing in my way,стоять на моём пути; мешать мне,30838,idiom,,false
He can hold his own.,он не даст себя в обиду; он справится сам,30839,idiom,,false
He is a loose cannon,он непредсказуем; от него жди беды,30840,idiom,,false
(to be) bogged down,увязнуть; быть заваленным (делами),30841,phrasal,,true
to blow off some steam,выпустить пар; разрядиться,30842,idiom,,false
nagging,ноющий; назойливый; придирки,30843,adj,,false
go figure,поди разбери; вот так дела,30844,idiom,,false
that figures,так и думал; ожидаемо,30845,idiom,,false
snubbed,проигнорированный; отвергнутый,30846,adj,,false
kudos,респект; почёт и уважение,30847,noun,,false
starting is half the battle,начать — полдела сделать,30848,idiom,,false
litterbug,"тот, кто мусорит; неряха",30849,noun,,false
to take it out on someone,срывать злость на ком-то,30850,idiom,,false
on the sly,тайком; исподтишка,30851,idiom,,false
up and about,на ногах; выздоровевший,30852,idiom,,false
steep,крутой (о подъёме); заоблачный (о цене),30853,adj,,false
a grand,тысяча долларов; косарь (разг.),30854,noun,,false
Let's throw a party,давай устроим вечеринку,30855,phrase,,false
trash it,выбрось это; раскритикуй в пух и прах,30856,verb,,false
stepping stone,ступенька к цели; трамплин,30857,idiom,,false
to get duped,быть обманутым; попасться на удочку,30858,idiom,,false
Zip it!,молчи!; закрой рот! (разг.),30859,interjection,,false
a stickler,придира; педант,30860,noun,,false
butt out,не лезь не в своё дело,30861,phrasal,,true
tough it out,перетерпеть; продержаться,30862,phrasal,,true
"""knock yourself out"" PART 2",делай что хочешь; не стесняйся (ч.2),30863,idiom,,false
knock yourself out PART ONE,делай что хочешь; не стесняйся (ч.1),30864,idiom,,false
"spring forward, fall back","весной вперёд, осенью назад (о переводе часов)",30865,idiom,,false
to give someone a boost,поддержать кого-то; подбодрить; подсадить,30866,idiom,,false
to butter SMO up,подлизываться к кому-то; умасливать,30867,phrasal,,true
beat around the bush,ходить вокруг да около,30868,idiom,,false
"a mooch, to mooch, to mooch off",нахлебник; клянчить; жить за чужой счёт,30869,idiom,,false
grueling,изнурительный; выматывающий,30870,adj,,false
top it off,в довершение всего; добавить напоследок,30871,phrasal,,true
face the music,отвечать за свои поступки; расхлёбывать,30872,idiom,,false
way/far/much too much!,уж слишком много!,30873,phrase,,false
all too much,всё это чересчур,30874,idiom,,false
back in the saddle,снова в строю; вернуться к делу,30875,idiom,,false
raining cats and dogs,льёт как из ведра,30876,idiom,,false
a little too strange,немного странновато,30877,phrase,,false
How does ~ strike you?,как тебе ~?; как на тебя это действует?,30878,phrase,,false
out in the sticks,в глуши; у чёрта на куличках,30879,idiom,,false
pushing up daisies,на том свете; кормить червей,30880,idiom,,false
a train wreck,полный провал; катастрофа,30881,idiom,,false
when pigs fly,когда рак на горе свистнет,30882,idiom,,false
it'll never fly,это не пройдёт; ничего не выйдет,30883,idiom,,false
"Out of sight, out of mind!",с глаз долой — из сердца вон,30884,idiom,,false
to scramble,суетиться; лихорадочно собираться,30885,verb,,false
food for thought,пища для размышлений,30886,idiom,,false
right off the bat,сразу; с ходу,30887,idiom,,false
a crook,мошенник; жулик,30888,noun,,false
to stifle something,подавлять; заглушать,30889,verb,,false
to feel stifled,чувствовать себя скованно; задыхаться,30890,idiom,,false
to crack open,вскрыть; распечатать,30891,phrasal,,true
cut me some slack,не будь так строг ко мне; дай поблажку,30892,idiom,,false
one too many,"на одну больше, чем надо; перебор",30893,idiom,,false
not carved in stone,не высечено в камне; не окончательно,30894,idiom,,false
a crock,чушь; враньё,30895,noun,,false
stay ahead of the game,быть на шаг впереди; держать марку,30896,idiom,,false
trendy,модный; в тренде,30897,adj,,false
save it for a rainy day,отложить на чёрный день,30898,idiom,,false
to get cold feet,струсить в последний момент; пойти на попятную,30899,idiom,,false
give a shout out to,передать привет; упомянуть с благодарностью,30900,idiom,,false
to slack up,сбавить обороты; расслабиться,30901,phrasal,,true
(to be) taken aback,быть ошеломлённым; опешить,30902,idiom,,false
I'm stumped.,"я в тупике; не знаю, что сказать",30903,phrase,,false
What have you been up to? (meaning AND pronunciation--LOTS to learn!),чем занимался?; как поживаешь?,30904,phrase,,false
a slacker,лентяй; бездельник,30905,noun,,false
going through a rough patch,переживать трудный период; полоса невезения,30906,idiom,,false
bawling your eyes out,рыдать в три ручья,30907,idiom,,false
stay on my tail,не отставай от меня; следуй за мной по пятам,30908,idiom,,false
"binding, bound to NOUN",обязывающий; обречённый/обязанный,30909,adj,,false
to be BOUND TO verb,непременно сделать; быть обязанным,30910,idiom,,false
to hit it off,сразу поладить; найти общий язык,30911,phrasal,,true
to hit on someone,клеиться к кому-то; заигрывать,30912,phrasal,,true
What for? (plus three more!),зачем?; для чего?,30913,phrase,,false
That figures!,так и думал!; ожидаемо!,30914,idiom,,false
party away VS party on,веселиться напропалую против так держать,30915,phrase,,false
I'm in/out...I'm on/off...they can be confusing!,я за/против... я начал/закончил... легко запутаться,30916,phrase,,false
easy on the eyes/ears/taste buds/,приятный для глаз/слуха/вкуса,30917,idiom,,false
the apple doesn't fall far from the tree,яблоко от яблони недалеко падает,30918,idiom,,false
to do a disservice to someone,оказать кому-то медвежью услугу,30919,idiom,,false
out of my league,не моего уровня; не по зубам,30920,idiom,,false
spick and span,чисто; с иголочки,30921,idiom,,false
to make ends meet,сводить концы с концами,30922,idiom,,false
to go with the flow,плыть по течению,30923,idiom,,false
Auld Lang Syne (the New Year's Eve song!),старое доброе время (новогодняя песня),30924,noun,,false
to stoop so low TO (part two!!),"опуститься так низко, чтобы (ч.2)",30925,idiom,,false
to stoop SO low as to...,"дойти до того, чтобы...",30926,idiom,,false
I'm fixing to ~... I'm finna ~...,я собираюсь ~...; я вот-вот ~ (разг.),30927,phrase,,false
a stocking stuffer,мелкий подарок в новогодний чулок,30928,noun,,false
to foot the bill,оплатить счёт; взять расходы на себя,30929,idiom,,false
It's all Greek to me.,для меня это китайская грамота,30930,idiom,,false
to have the guts,иметь смелость; набраться духу,30931,idiom,,false
bores me to tears,наводит на меня смертельную скуку,30932,idiom,,false
to hound somebody,донимать; преследовать кого-то,30933,verb,,false
holiday traffic,праздничные пробки,30934,noun,,false
Happy holidays!!,с праздником!,30935,interjection,,false
to be out of sorts,быть не в духе; быть не в своей тарелке,30936,idiom,,false
dress-down Fridays,пятницы без дресс-кода,30937,noun,,false
corny,банальный; пошлый; избитый,30938,adj,,false
gone wild!!,разгулялся!; пустился во все тяжкие,30939,idiom,,false
Twoosh!!,точно в цель!; в яблочко!,30940,interjection,,false
to be IN THE MOMENT,быть здесь и сейчас; жить моментом,30941,idiom,,false
to DITCH,бросить; смыться,30942,verb,,false
a cheat sheet,шпаргалка,30943,noun,,false
to be up to something,что-то затевать; замышлять,30944,idiom,,false
to be at the helm,быть у руля; стоять во главе,30945,idiom,,false
in my clutches,в моих руках; в моей власти,30946,idiom,,false
give a wide berth,держаться подальше; обходить стороной,30947,idiom,,false
to MULL it OVER,обдумать; взвесить,30948,phrasal,,true
devastated,опустошённый; убитый горем,30949,adj,,false
great taste,отменный вкус,30950,phrase,,false
Nothing but the best!,только самое лучшее!,30951,phrase,,false
on a health kick!,на здоровом образе жизни; помешан на ЗОЖ,30952,idiom,,false
the straight and narrow,честный путь; путь истинный,30953,idiom,,false
to PIPE DOWN,потише!; уймись!,30954,phrasal,,true
What's all the racket?,что за шум?; что за гам?,30955,phrase,,false
not nearly enough,далеко не достаточно,30956,phrase,,false
I even (plus VERB),я даже (+ глагол),30957,phrase,,false
to have a HANKERING FOR something,сильно хотеть чего-то; жаждать,30958,idiom,,false
to flake out,слиться; не прийти; подвести,30959,phrasal,,true
frazzled,измотанный; на нервах,30960,adj,,false
to hunker down,засесть; залечь; приготовиться переждать,30961,phrasal,,true
classic VS classical,классический (классный) против классический (муз.),30962,phrase,,false
CONtent or conTENT?!,содержание или довольный? (ударение),30963,phrase,,false
may be OR maybe,может быть (раздельно) или возможно (слитно),30964,phrase,,false
even (two usages),даже; ровный (два значения),30965,adv,,false
swagger,развязность; самоуверенная походка,30966,noun,,false
I'm looking into ~ing,"я подумываю о том, чтобы ~",30967,phrase,,false
A trumps B,A важнее B; A берёт верх над B,30968,verb,,false
willpower,сила воли,30969,noun,,false
TRIP vs TRAVEL vs JOURNEY,поездка против путешествия против странствия,30970,noun,,false
to PUT somebody ON (2 meanings!),разыгрывать кого-то; знакомить (2 значения),30971,phrasal,,true
My ~~~ is not up to task!,мой ~ не на высоте; не справляется,30972,phrase,,false
You might as well...,мог бы с тем же успехом...,30973,phrase,,false
"Recollection, recall, remember, memorize, memory","воспоминание, припоминание, помнить, заучивать, память",30974,noun,,false
How do you like them apples?,"ну что, съел?; как тебе такое?",30975,idiom,,false
Here you go! VS There you go!,"вот, держи; вот, пожалуйста (при передаче); ну вот, видишь",30976,phrase,,false
go to school VS go to THE school,ходить в школу (учиться) VS пойти в (конкретное) здание школы,30977,phrase,,false
Stupid is as stupid does!,"глупый тот, кто глупо поступает",30978,idiom,,false
to STICK OUT LIKE A SORE THUMB!,бросаться в глаза; резко выделяться (некстати),30979,idiom,,false
to BLEND IN,сливаться с окружением; не выделяться,30980,phrasal,,true
knocked my socks off,потряс меня; сразил наповал,30981,idiom,,false
beyond a shadow of a doubt,вне всяких сомнений,30982,idiom,,false
to shadow someone!,ходить хвостом за кем-то; следить,30983,verb,,false
a shadow,тень,30984,noun,,false
a shady guy,тёмная личность; подозрительный тип,30985,noun,,false
made in the shade,как сыр в масле; обеспеченный,30986,idiom,,false
in the shade,в тени,30987,phrase,,false
roly-poly,пухлый; кругленький,30988,adj,,false
Hit the sack.,завалиться спать,30989,idiom,,false
My two cents...,моё скромное мнение,30990,idiom,,false
Suit yourself!,как хочешь; дело твоё,30991,interjection,,false
It doesn't agree with me.,мне это не подходит; меня от этого мутит,30992,idiom,,false
That hits the spot!!,"то, что надо!; в самый раз!",30993,idiom,,false
Here's to your,за твоё (здоровье),30994,phrase,,false
"I like them ""PLURAL NOUN""!!",обожаю [мн. сущ.]!,30995,phrase,,false
in for a bumpy ride,будет непросто; ждёт тряская дорога,30996,idiom,,false
I couldn't have said it better! (Pronunciation TIPS!),лучше не скажешь!; полностью согласен,30997,idiom,,false
I've been meaning to tell you...,давно хотел тебе сказать...,30998,phrase,,false
as far as I can tell (PLUS many variations inside!),насколько я могу судить,30999,idiom,,false
a hangover...to hang over,похмелье; нависать,31000,noun,,false
on the rocks (Whiskey or Coke?!),со льдом (о напитке),31001,idiom,,false
to be on the rocks,трещать по швам; на грани разрыва,31002,idiom,,false
smooth sailing,всё гладко; без проблем,31003,idiom,,false
Are you still...? VS You are still...?,ты всё ещё...? VS ты по-прежнему...,31004,phrase,,false
(to) hang your hat on (something),делать ставку на что-то; полагаться на,31005,idiom,,false
sweet tooth,сладкоежка; тяга к сладкому,31006,idiom,,false
sneak attack,внезапное нападение; атака исподтишка,31007,noun,,false
to hammer something home,вбивать что-то в голову; растолковывать,31008,idiom,,false
to hang out,тусоваться; зависать,31009,phrasal,,true
Keep it together!!,держи себя в руках!; не раскисай!,31010,idiom,,false
I can't help but DO SOMETHING!,"не могу удержаться, чтобы не...",31011,idiom,,false
monkey business,баловство; махинации; шалости,31012,idiom,,false
busy work,бесполезная работа; занятость для вида,31013,noun,,false
All you gotta do is...,"всё, что нужно сделать, это...",31014,phrase,,false
Bust a move!!,зажги!; давай танцуй!,31015,idiom,,false
What's your approach?,какой у тебя подход?,31016,phrase,,false
jump the shark,исписаться; скатиться (о сериале),31017,idiom,,false
watered-down,разбавленный; смягчённый; выхолощенный,31018,adj,,false
It doesn't measure up!!,не дотягивает!; не соответствует,31019,idiom,,false
What do YOU think? (Be careful with the intonation!),а ты как думаешь?,31020,phrase,,false
to be ON AND OFF,"то появляться, то пропадать; с перерывами",31021,idiom,,false
for good,навсегда,31022,idiom,,false
I'm all tied up.,я весь занят; у меня дел невпроворот,31023,idiom,,false
head honcho,большая шишка; главный начальник,31024,idiom,,false
to brown bag it,брать обед с собой (из дома),31025,idiom,,false
to have someone over,пригласить кого-то в гости,31026,phrasal,,true
30-something,человек за тридцать,31027,noun,,false
Tops!,максимум!; не больше!,31028,interjection,,false
I'm in deep doo-doo,я по уши в дерьме; влип,31029,idiom,,false
Hero vs Heroine PLUS one more inside!,герой VS героиня,31030,noun,,false
Keep'm comin!,неси ещё!; подливай!,31031,interjection,,false
If I were in your shoes...,на твоём месте...,31032,idiom,,false
You and I/me...both?,мы оба?; ты и я тоже?,31033,phrase,,false
He's 40 going on 10!,"ему сорок, а ведёт себя как ребёнок",31034,idiom,,false
a tar baby,"неразрешимая проблема; то, к чему лучше не лезть",31035,idiom,,false
(to) pay it forward,отплатить добром другому (по цепочке),31036,idiom,,false
straight from...,прямиком из...,31037,phrase,,false
(to be) SLICK,ловкий; хитрый; скользкий,31038,adj,,false
to GIVE A SHOUT OUT TO someone,передать кому-то привет (публично),31039,idiom,,false
(to) feel boxed in,чувствовать себя зажатым; загнанным в угол,31040,idiom,,false
(to be) intense,напряжённый; интенсивный,31041,adj,,false
Man it up!,будь мужиком!; соберись!,31042,idiom,,false
few and far between,редкий; раз-два и обчёлся,31043,idiom,,false
I'm going to... (4 Pronunciations!),я собираюсь...,31044,phrase,,false
the black sheep,белая ворона; паршивая овца,31045,idiom,,false
He's mature for his age.,он зрелый не по годам,31046,phrase,,false
Grow up!,повзрослей!; хватит ребячиться!,31047,interjection,,false
It spoke to me^^,зацепило; нашло отклик во мне,31048,idiom,,false
high-profile,громкий; заметный; на виду,31049,adj,,false
another nail in the coffin,ещё один гвоздь в крышку гроба,31050,idiom,,false
What do you say we...,"как насчёт того, чтобы...",31051,phrase,,false
low-key,сдержанный; ненавязчивый; тихий,31052,adj,,false
hard to beat,трудно превзойти; вне конкуренции,31053,idiom,,false
"Damned if I do, damned if I don't!","куда ни кинь, всюду клин",31054,idiom,,false
"No ifs, ands or buts!","никаких ""но""!; без отговорок!",31055,idiom,,false
Bite me!!,да пошёл ты! (груб.); отвали!,31056,interjection,,false
bite the dust,загнуться; потерпеть крах,31057,idiom,,false
Beats me!,понятия не имею!,31058,interjection,,false
Who are you? Einstein?,"ты что, гений?; тоже мне умник",31059,phrase,,false
in my book...,по моему мнению...,31060,idiom,,false
Is A considered B?,считается ли A за B?,31061,phrase,,false
Go figure!,ну надо же!; поди разбери!,31062,interjection,,false
sooner or later,рано или поздно,31063,idiom,,false
typo,опечатка,31064,noun,,false
Keep it PG!,держи себя прилично!; без пошлостей!,31065,idiom,,false
I'm perplexed!,я в замешательстве!; сбит с толку,31066,adj,,false
rather upset,довольно расстроенный,31067,adj,,false
to order take-out,заказать еду навынос,31068,idiom,,false
Make ends meet,сводить концы с концами,31069,idiom,,false
to die for,пальчики оближешь; обалденный,31070,idiom,,false
to get the hang of it,приноровиться; набить руку,31071,idiom,,false
a sneezing FIT,приступ чихания,31072,noun,,false
to get the GIST,уловить суть,31073,idiom,,false
pouting,надувать губы; дуться,31074,verb,,false
"sump'n, nut'n, get'n","что-то, ничего, получаю (разг. произношение)",31075,phrase,,false
For shits and giggles!,ради прикола; забавы ради (груб.),31076,idiom,,false
to GO AWAY,уходить; убираться прочь,31077,phrasal,,true
Put some elbow into it!,поднажми!; вложи усилия!,31078,idiom,,false
to be IN HEAT,быть в течке,31079,idiom,,false
What the HECK is wrong with you?,да что с тобой не так?,31080,phrase,,false
is it!,вот оно!; то самое!,31081,interjection,,false
to PIG OUT,объедаться; уплетать за обе щеки,31082,phrasal,,true
ad hoc,на скорую руку; по случаю,31083,adj,,false
veggies,овощи (разг.),31084,noun,,false
my diet,моя диета,31085,noun,,false
to get CARRIED AWAY,увлечься; перегнуть палку,31086,phrasal,,true
My dogs are barking!,ноги гудят; ноги отваливаются,31087,idiom,,false
to GOOF OFF,валять дурака; бездельничать,31088,phrasal,,true
Nine out of ten...,девять из десяти...,31089,phrase,,false
I changed my mind.,я передумал,31090,phrase,,false
take it with a grain of salt,не принимать на веру; относиться скептически,31091,idiom,,false
When it comes to...,когда речь идёт о...,31092,idiom,,false
to TWEAK something,подправить; подкрутить; доработать,31093,verb,,false
to KOWTOW,раболепствовать; пресмыкаться,31094,verb,,false
to TINKER AROUND with something,ковыряться; возиться с чем-то,31095,phrasal,,true
and whatnot,и тому подобное; и всё такое,31096,idiom,,false
to be ON CALL,быть на дежурстве; на подхвате,31097,idiom,,false
Hat's off to YOU!!,снимаю перед тобой шляпу!,31098,idiom,,false
a brouhaha,шумиха; переполох,31099,noun,,false
to STRAIGHTEN smo/smt OUT,уладить; навести порядок; вразумить,31100,phrasal,,true
hoopla,шумиха; ажиотаж,31101,noun,,false
to get the nod,получить одобрение; быть выбранным,31102,idiom,,false
Nuke it!,разогрей в микроволновке!,31103,verb,,false
to PUT UP WITH someone/something,мириться с кем-то/чем-то; терпеть,31104,phrasal,,true
Don't chew with your mouth open!,не чавкай!,31105,phrase,,false
to HONE,оттачивать; совершенствовать,31106,verb,,false
I'm sticking to my guns!,стою на своём!; не сдаю позиций,31107,idiom,,false
cushy,непыльный; тёпленький (о работе),31108,adj,,false
...on the edge,на взводе; на грани,31109,idiom,,false
a pushover,тряпка; безвольный человек,31110,noun,,false
taking forever!,тянется бесконечно; целую вечность,31111,idiom,,false
to TURN OUT,оказаться (в итоге); получиться,31112,phrasal,,true
being picky,придирчивый; разборчивый,31113,adj,,false
the apple of one's eye,зеница ока; любимец,31114,idiom,,false
Keep it down!,потише!; не шуми!,31115,idiom,,false
Keep me on my toes,держать в тонусе; не давать расслабиться,31116,idiom,,false
Kick it up a notch!,поднажми!; на новый уровень!,31117,idiom,,false
I'm down!,я за!; согласен!,31118,interjection,,false
to LACK something,испытывать нехватку чего-то,31119,verb,,false
to TURN IN,ложиться спать; сдавать (работу),31120,phrasal,,true
to COME IN ON (day),приходить (в какой-то день),31121,phrasal,,true
a pain in the neck,заноза; головная боль,31122,idiom,,false
to STEAL someone's THUNDER,перехватить чужую славу,31123,idiom,,false
to GO DOWN to...,"съездить, спуститься в...",31124,phrasal,,true
to COME DOWN WITH something,слечь с болезнью; подхватить (простуду),31125,phrasal,,true
...already!,да хватит уже!; наконец-то!,31126,interjection,,false
to GO ALL OUT,выложиться по полной; пойти ва-банк,31127,idiom,,false
Don't sweat it!,не парься!; не бери в голову!,31128,idiom,,false
LUCK vs LOCK vs LOOK,удача VS замок VS взгляд,31129,noun,,false
I beg to differ.,позволю себе не согласиться,31130,idiom,,false
It'll all come down to...,всё сведётся к...,31131,idiom,,false
to SELL someone OUT,сдать кого-то; предать,31132,phrasal,,true
I'm broke!,я на мели!,31133,idiom,,false
To rain on someone's parade,портить кому-то праздник; обламывать,31134,idiom,,false
Count me IN/OUT,я в деле / я пас,31135,idiom,,false
Knock on wood!,"тьфу-тьфу, чтоб не сглазить!",31136,idiom,,false
Are you done yet?,ты ещё не закончил?,31137,phrase,,false
to PUSH IT,перегибать палку; рисковать,31138,idiom,,false
to LOOK AWAY,отвести взгляд; отвернуться,31139,phrasal,,true
I couldn't help it.,я не сдержался; ничего не мог поделать,31140,idiom,,false
What purpose does it serve?,какой в этом смысл?; зачем это нужно?,31141,phrase,,false
...pathetic,жалкий; убогий,31142,adj,,false
...poor children,бедные дети,31143,phrase,,false
Pick your poison!,выбирай яд (выпивку); выбирай на свой вкус,31144,idiom,,false
Do it over!,переделай!,31145,phrase,,false
in a jiffy,мигом; в два счёта,31146,idiom,,false
Thanks to,благодаря,31147,phrase,,false
because of,из-за,31148,phrase,,false
to DO UP something,застегнуть; привести в порядок,31149,phrasal,,true
to DO something UP,застегнуть что-то; нарядить,31150,phrasal,,true
TGIF!!,"слава богу, пятница!",31151,interjection,,false
I had a long week.,выдалась тяжёлая неделя,31152,phrase,,false
to DO AWAY WITH something,покончить с чем-то; избавиться,31153,phrasal,,true
PURE nonsense!,полная чушь!,31154,idiom,,false
Did you get out ~ING?,тебе удалось куда-нибудь выбраться?,31155,phrase,,false
to COUNT ON somebody,рассчитывать на кого-то; полагаться,31156,phrasal,,true
to STOCK UP ON something,запастись чем-то,31157,phrasal,,true
I overslept.,я проспал,31158,phrase,,false
I'm into sports.,я увлекаюсь спортом,31159,idiom,,false
My knee went out.,колено отказало; колено подвело,31160,idiom,,false
What do you do for a living?,чем ты зарабатываешь на жизнь?,31161,phrase,,false
I slept in.,я поспал подольше; заспался,31162,phrasal,,true
I'm gonna kick back,расслаблюсь; отдохну,31163,phrasal,,true
What's up this weekend?,какие планы на выходные?,31164,phrase,,false
How YOU doin?!!,как делишки?; как сам?,31165,interjection,,false
